{
  "metrics": {
    "ep_step_present_ms": {
      "type": "trend",
      "contains": "time",
      "values": {
        "p(90)": 1029.9108000000003,
        "p(95)": 2192.1703999999927,
        "avg": 1634.6713791700568,
        "min": 604.6469999999999,
        "med": 687.905,
        "max": 39605.001000000004
      }
    },
    "group_duration": {
      "type": "trend",
      "contains": "time",
      "values": {
        "avg": 3205.4005457672934,
        "min": 1263.649542,
        "med": 1427.129667,
        "max": 42861.55125,
        "p(90)": 2112.696892,
        "p(95)": 16032.333691599984
      }
    },
    "http_req_waiting": {
      "type": "trend",
      "contains": "time",
      "values": {
        "avg": 639.9943799837272,
        "min": 101.831,
        "med": 310.222,
        "max": 25393.704,
        "p(90)": 436.8562000000001,
        "p(95)": 718.1653999999999
      }
    },
    "http_req_receiving": {
      "type": "trend",
      "contains": "time",
      "values": {
        "med": 0.041,
        "max": 69.843,
        "p(90)": 0.097,
        "p(95)": 0.133,
        "avg": 0.16254971521562214,
        "min": 0.006
      }
    },
    "iteration_duration": {
      "type": "trend",
      "contains": "time",
      "values": {
        "p(95)": 16533.218166599985,
        "avg": 3706.138194275017,
        "min": 1764.564208,
        "med": 1927.385916,
        "max": 43362.693,
        "p(90)": 2613.155467
      }
    },
    "http_req_duration{expected_response:true}": {
      "type": "trend",
      "contains": "time",
      "values": {
        "p(90)": 473.425,
        "p(95)": 857.4962499999987,
        "avg": 737.3455286818556,
        "min": 198.186,
        "med": 332.233,
        "max": 25393.79
      }
    },
    "vus_max": {
      "type": "gauge",
      "contains": "default",
      "values": {
        "value": 50,
        "min": 50,
        "max": 50
      }
    },
    "vus": {
      "values": {
        "value": 1,
        "min": 1,
        "max": 50
      },
      "type": "gauge",
      "contains": "default"
    },
    "http_req_failed": {
      "type": "rate",
      "contains": "default",
      "values": {
        "rate": 0.2,
        "passes": 1229,
        "fails": 4916
      }
    },
    "http_reqs": {
      "contains": "default",
      "values": {
        "count": 6145,
        "rate": 33.815814103865634
      },
      "type": "counter"
    },
    "ep_signoff_flow_total": {
      "values": {
        "count": 1229,
        "rate": 6.763162820773126
      },
      "type": "counter",
      "contains": "default"
    },
    "http_req_duration": {
      "values": {
        "avg": 640.2419617575263,
        "min": 101.958,
        "med": 310.424,
        "max": 25393.79,
        "p(90)": 437.04720000000015,
        "p(95)": 718.2965999999999
      },
      "type": "trend",
      "contains": "time"
    },
    "checks": {
      "type": "rate",
      "contains": "default",
      "values": {
        "rate": 0.8,
        "passes": 4916,
        "fails": 1229
      }
    },
    "ep_step_verify_ms": {
      "type": "trend",
      "contains": "time",
      "values": {
        "avg": 716.1140992676969,
        "min": 285.482,
        "med": 345.141,
        "max": 25393.79,
        "p(90)": 513.1914000000002,
        "p(95)": 798.5463999999998
      }
    },
    "ep_step_challenge_ms": {
      "type": "trend",
      "contains": "time",
      "values": {
        "p(95)": 221.89419999999998,
        "avg": 251.8276940602117,
        "min": 101.958,
        "med": 122.638,
        "max": 20591.588,
        "p(90)": 165.1296
      }
    },
    "data_sent": {
      "values": {
        "count": 2206483,
        "rate": 12142.23253886733
      },
      "type": "counter",
      "contains": "data"
    },
    "iterations": {
      "type": "counter",
      "contains": "default",
      "values": {
        "rate": 6.763162820773126,
        "count": 1229
      }
    },
    "http_req_blocked": {
      "type": "trend",
      "contains": "time",
      "values": {
        "avg": 0.6679739625712424,
        "min": 0,
        "med": 0,
        "max": 275.216,
        "p(90)": 0.001,
        "p(95)": 0.001
      }
    },
    "http_req_connecting": {
      "type": "trend",
      "contains": "time",
      "values": {
        "avg": 0.22305386493083812,
        "min": 0,
        "med": 0,
        "max": 78.517,
        "p(90)": 0,
        "p(95)": 0
      }
    },
    "ep_signoff_flow_errors": {
      "values": {
        "rate": 1,
        "passes": 1229,
        "fails": 0
      },
      "type": "rate",
      "contains": "default"
    },
    "data_received": {
      "type": "counter",
      "contains": "data",
      "values": {
        "count": 5115306,
        "rate": 28149.428279965578
      }
    },
    "http_req_sending": {
      "values": {
        "avg": 0.08503205858421466,
        "min": 0.011,
        "med": 0.06,
        "max": 8.432,
        "p(90)": 0.146,
        "p(95)": 0.18779999999999972
      },
      "type": "trend",
      "contains": "time"
    },
    "ep_step_create_ms": {
      "type": "trend",
      "contains": "time",
      "values": {
        "max": 22728.368,
        "p(90)": 345.28860000000014,
        "p(95)": 691.8567999999991,
        "avg": 598.5966362896667,
        "min": 198.186,
        "med": 245.749
      }
    },
    "ep_signoff_flow_duration": {
      "type": "trend",
      "contains": "time",
      "values": {
        "med": 1427,
        "max": 42861,
        "p(90)": 2113.2,
        "p(95)": 16032.399999999985,
        "avg": 3205.4662327095198,
        "min": 1264
      }
    },
    "http_req_tls_handshaking": {
      "type": "trend",
      "contains": "time",
      "values": {
        "avg": 0.4391041497152157,
        "min": 0,
        "med": 0,
        "max": 196.612,
        "p(90)": 0,
        "p(95)": 0
      }
    }
  },
  "root_group": {
    "name": "",
    "path": "",
    "id": "d41d8cd98f00b204e9800998ecf8427e",
    "groups": [
      {
        "id": "0a38d476f7278d59c34da613ee76097d",
        "groups": [],
        "checks": [
            {
              "name": "create: 201",
              "path": "::signoff-flow::create: 201",
              "id": "6b921d636c7acf459df11f1a246c8d26",
              "passes": 1229,
              "fails": 0
            },
            {
              "name": "present initiator: 201",
              "path": "::signoff-flow::present initiator: 201",
              "id": "60b4491618bacd5d265b439fd32a11cc",
              "passes": 1229,
              "fails": 0
            },
            {
              "fails": 0,
              "name": "present responder: 201",
              "path": "::signoff-flow::present responder: 201",
              "id": "672ad82ecb12a9aa0023428bef423fb4",
              "passes": 1229
            },
            {
              "name": "verify: 200",
              "path": "::signoff-flow::verify: 200",
              "id": "9b008ecbcf5c96ba6c86ad2b5416d577",
              "passes": 1229,
              "fails": 0
            },
            {
              "name": "challenge: 201",
              "path": "::signoff-flow::challenge: 201",
              "id": "b12a5f8a7840f2b71d255f8c01f9e12b",
              "passes": 0,
              "fails": 1229
            }
          ],
        "name": "signoff-flow",
        "path": "::signoff-flow"
      }
    ],
    "checks": []
  },
  "options": {
    "summaryTimeUnit": "",
    "noColor": false,
    "summaryTrendStats": [
      "avg",
      "min",
      "med",
      "max",
      "p(90)",
      "p(95)"
    ]
  },
  "state": {
    "isStdErrTTY": false,
    "testRunDurationMs": 181719.712,
    "isStdOutTTY": false
  }
}